[{"problem":"jallikattu","image" :"jallikattu.jpg", "reson":"tradition","body":"Jallikattu (or sallikkattu), also known as eru thazhuvuthal and manju virattu, is a traditional spectacle in which a Bos indicus bull, such as the Pulikulam or Kangayam breeds, is released into a crowd of people, and multiple human participants attempt to grab the large hump on the bull's back with both arms and hang"},
{"problem":"neet","image" :"neet.jpg","reson":"education","body":"Jul 25, 2017 - Chennai: The concerns raised by Tamil Nadu over the mandatory National-Eligibility-Cum-Entrance Test (NEET) for admission to medical courses, have escalated this year, with several parties planning protests across the state. ... Members of the TMC and All India Anna Dravida Munnetra "},
{"problem":"kathiramangalam","image" :"latjoramangalam.jpg","reson":"environmental polution","body":"Jul 3, 2017 - CHENNAI: Oil and Natural Gas Corporation Limited (ONGC) on Monday shot down allegations that it was exploring coal bed methane (CBM) and shale gas projects in the Cauvery basin and asserted that its oil wells in Kuthalam taluk cannot have contaminated ground water in Kathiramangalam village "},
{"problem":"buscharge","image" :"buscharge.jpg","reson":"economical","body":"Jan 19, 2018 - Maintaining that the revised bus fare was still lower than in neighbouring States like Kerala and Andhra Pradesh, the government cited a variety of factors including frequent revision in diesel price, increased cost of new buses and spare parts, a ballooning wage bill, legal compensation and other expenses"}]